filename,etiqueta,media,moda,desviacion,glcm_contrast,glcm_homogeneity,glcm_energy,glcm_correlation,glcm_asm,hog_mean,hog_std,hog_max,hog_min,laplacian_mean,laplacian_std,laplacian_max,laplacian_min
outputs/good/tomate_bueno_1/binary.png,bueno,38.22374673319078,0,91.0274716920147,2451.116244411326,0.9623055970779176,0.8421602532007405,0.8518814849654208,0.7092338920711353,0.057399351607970495,0.1330874106306367,0.9999999987499999,0.0,-0.010810168686148728,20.839667888303282,139.0,-148.0
outputs/good/tomate_bueno_1/binary_resized.png,bueno,38.21872222222222,0,85.61716370974118,299.94434335002785,0.9168381063847155,0.7963147859531178,0.9795232290631437,0.6341172383275597,0.04838276462048799,0.10565128726837199,0.9999999987499999,0.0,-0.00035,11.043869586021719,92.0,-100.0
outputs/good/tomate_bueno_1/blur.png,bueno,78.58264697341676,38,57.00151708137798,13.76347739692002,0.4513257965891975,0.03562689420130114,0.9961149309609647,0.0012692755904307048,0.11751535062106215,0.11818595575461847,0.5379728062428573,0.0,-0.0030490219371188724,2.8581382114947846,16.0,-27.0
outputs/good/tomate_bueno_1/dilated.png,bueno,101.4948325017819,41,52.07884464407338,36.946507699950324,0.5983078012702407,0.04117632570033041,0.9931915545804854,0.0016954897981796909,0.12335787270311128,0.11207414069694309,0.4737339202003846,0.0,0.005662469311792192,4.076159763060006,35.0,-33.0
outputs/good/tomate_bueno_1/edges.png,bueno,34.16458778807318,0,86.86052513788816,8428.377049180328,0.8703845069790495,0.8093444768181839,0.44165224195185776,0.6550384821560997,0.07662392906384392,0.14017705524025253,0.9999999987499999,0.0,-0.024609962778173754,24.314376181247994,104.0,-138.0
outputs/good/tomate_bueno_1/emboss.png,bueno,81.35612180248674,0,66.77331209864583,1112.7187083954298,0.23770471166916743,0.05672009933776537,0.8752045561056013,0.003217169668885971,0.12944181778764466,0.10498854022560042,0.495758951043848,0.0,-0.010473588342440802,21.768473219273904,114.0,-113.0
outputs/good/tomate_bueno_1/gaussian_blur.png,bueno,78.58645495103086,38,57.6087282570581,21.464838549428716,0.42244179309621005,0.03444349961689721,0.9941558211507008,0.0011863546658591982,0.11897558206329549,0.11671584571967011,0.5493461384853773,0.0,-0.004098360655737705,3.9295998274606108,25.0,-32.0
outputs/good/tomate_bueno_1/gradient.png,bueno,40.38787914785777,5,37.197386497972225,56.5126875310482,0.4578240341973195,0.05513753201847751,0.9795833537142791,0.003040147437088632,0.1365039327846033,0.09562663910219554,0.5198022000828598,0.0,0.016334046091708243,5.208269349879212,42.0,-40.0
outputs/good/tomate_bueno_1/gray_scale.png,bueno,80.53502415458937,39,43.44393861852398,129.97816194734227,0.35338632916476487,0.02944464195039853,0.9655672472986472,0.0008669869395871691,0.12778290540474715,0.10700143390186982,0.4722213897031228,0.0,-0.0051476993743565375,6.3864652150049155,48.0,-54.0
outputs/good/tomate_bueno_1/morph_close.png,bueno,88.10661677358043,80,45.81528616562029,33.19290611028317,0.6029976035664387,0.04524840396946286,0.9920887575161903,0.002047418061783702,0.12144502304834079,0.11414413759480115,0.48435974045777785,0.0,-0.009958818405005147,4.0815661846752915,31.0,-42.0
outputs/good/tomate_bueno_1/morph_open.png,bueno,72.10327076898709,38,38.02861245278513,26.900943864878293,0.6209171132216272,0.051387086017312726,0.9906989864989945,0.002640632609350697,0.12427742088856952,0.11105359259427505,0.5011088973408093,0.0,0.0028114358121485703,3.320549257909061,29.0,-31.0
outputs/good/tomate_bueno_1/original.png,bueno,78.58991314907209,39,59.292166155344674,131.32307998012914,0.34078176040262304,0.02989903758779289,0.9676033952433579,0.000893952448676252,0.1283549479502833,0.10631455736341872,0.4838461904035236,0.0,-0.0051476993743565375,6.3859598745534,46.0,-55.0
outputs/good/tomate_bueno_1/resize.png,bueno,78.47212777777777,40,58.66580502042722,17.047072899276575,0.49778342031519657,0.03979523946247012,0.9956401005826752,0.001583661083875339,0.12339095143230425,0.1120377207693235,0.6625208794964862,0.0,-0.0003027777777777778,3.1372603790733398,33.0,-28.0
outputs/good/tomate_bueno_1/RGB.png,bueno,78.58991314907209,14,59.292166155344674,133.4789468455042,0.33926967755801407,0.038738684569327136,0.9699047670337829,0.0015006856821618245,0.12763498992211805,0.10717782941546312,0.4922866269291001,0.0,-0.004870515561891185,6.484400813134913,48.0,-59.0
outputs/good/tomate_bueno_1/rotate.png,bueno,47.7554710804889,0,61.242453533881395,128.93687034277198,0.522825030968113,0.3271531799859085,0.9718287981368745,0.10702920317489223,0.10305476589276598,0.11623966476052121,0.9999999987499999,0.0,-0.000138591906232676,5.246533584729566,44.0,-50.0
outputs/good/tomate_bueno_1/segmentation_by_color.png,bueno,73.27887991341305,0,59.69661062094922,357.75266766020866,0.371745287569996,0.07438005746215177,0.9136854964205793,0.005532392948073,0.12852853832417033,0.1061046304704719,0.45608681330053175,0.0,-0.004474538686940682,9.187834895383487,113.0,-87.0
outputs/good/tomate_bueno_1/segmentation_by_color_range.png,bueno,74.69928196193342,0,59.3764235222672,366.92504719324387,0.3662493742969275,0.054819368031838976,0.9091286953659062,0.003005163111410209,0.1277276203039534,0.10706742166628452,0.4838461904035236,0.0,-0.0042765502494654314,8.913651173593166,111.0,-98.0
outputs/good/tomate_bueno_1/segmentation_kmeans.png,bueno,78.27224070114305,55,49.97868112853712,374.01689021361153,0.9415689907493185,0.7111839037846974,0.8669373216851881,0.5057825450024418,0.06807762736139472,0.1408708745847801,0.9999999987499999,0.0,-0.005642670468044666,6.682683586406845,42.0,-42.0
outputs/good/tomate_bueno_1/segmentation_umbral.png,bueno,38.22374673319078,0,91.0274716920147,2451.116244411326,0.9623055970779176,0.8421602532007405,0.8518814849654208,0.7092338920711353,0.057399351607970495,0.1330874106306367,0.9999999987499999,0.0,-0.010810168686148728,20.839667888303282,139.0,-148.0
outputs/good/tomate_bueno_1/segmentation_watershed_contours.png,bueno,77.65756579815739,76,63.34861000416829,280.2293889716841,0.35520775494865975,0.03844011726824898,0.9271906439329965,0.0014776426155967337,0.13206398231754168,0.10167045955265738,0.4838461904035236,0.0,-0.007048388374118951,6.596253671628313,57.0,-66.0
outputs/good/tomate_bueno_1/sharpen.png,bueno,83.24170428446979,0,78.86058425670537,3329.842543467462,0.1665897137282092,0.04360710632308007,0.6598765903246924,0.0019015797218724098,0.14252039673363429,0.08640436497781988,0.3862270465182127,0.0016031105678141302,-0.01750217787281223,18.20080423306168,114.0,-105.0
outputs/good/tomate_bueno_2/binary.png,bueno,101.825418938821,0,124.88821356450315,3428.453907935747,0.9472756450045252,0.6854733965134466,0.8901973092805934,0.4698737773276808,0.08472034923411056,0.13996477836792862,0.9999999987499999,0.0,0.03425148270509095,24.24071017682796,140.0,-135.0
outputs/good/tomate_bueno_2/binary_resized.png,bueno,101.81710555555556,0,120.86503802294881,436.89396494156927,0.8948231020206099,0.6370904934916825,0.9850511193725506,0.4058842968974755,0.06922420268684926,0.12631551450115136,0.9999999987499999,0.0,0.005219444444444444,11.307365248744325,96.0,-94.0
outputs/good/tomate_bueno_2/blur.png,bueno,102.15408191696851,84,67.31111079624068,43.599216814512914,0.26035733022361235,0.019698342289630893,0.9914682888214933,0.0003880246889594609,0.13007757062912106,0.10419982433061666,0.4220804978409389,0.0,0.005572582892170521,3.443906961194159,19.0,-18.0
outputs/good/tomate_bueno_2/dilated.png,bueno,139.8617402380289,90,51.659948112756844,84.61627906976747,0.44863797910990066,0.029644647658624214,0.9840899630268647,0.000878805134803974,0.13160009075188714,0.10227020038048083,0.38577653126962913,0.0,0.020499144210484415,4.6291410971073645,38.0,-36.0
outputs/good/tomate_bueno_2/edges.png,bueno,34.124507423476494,0,86.81743710851873,10395.789379045793,0.8401287272929936,0.7957492278969421,0.312279484973164,0.6332168336985796,0.09352708707997048,0.13672513088199373,0.9999999987499999,0.0,0.03174382040361422,28.538843645751953,113.0,-126.0
outputs/good/tomate_bueno_2/emboss.png,bueno,116.8075667714843,0,72.260846851685,1216.4992208103577,0.17276011360409635,0.05447155696006203,0.8835922856262707,0.0029671505176532818,0.14348181122948078,0.08479827603695593,0.38824065240943456,0.002343032163304954,0.01797157982724993,19.152477486098224,112.0,-111.0
outputs/good/tomate_bueno_2/gaussian_blur.png,bueno,102.15049290822486,83,68.23863566713827,64.29545272916167,0.251487902575126,0.0192094839076749,0.9879279326889292,0.000369004271999221,0.13141986578804288,0.10250169095021273,0.4708190060665068,0.0,0.007005532778728655,4.582761427971694,29.0,-29.0
outputs/good/tomate_bueno_2/gradient.png,bueno,45.31562711459619,12,36.458018443360515,134.37970510668904,0.2884468326024347,0.030355171151384787,0.9494914529504584,0.0009214364156298632,0.14320269661817214,0.08526878358325761,0.39373986454704324,0.0,0.029057039366317716,6.429030716179428,40.0,-43.0
outputs/good/tomate_bueno_2/gray_scale.png,bueno,117.22557019464236,84,51.62323539126109,159.50683289379043,0.23476040661074288,0.0176201613617983,0.9700228532368305,0.0003104700864158097,0.1369046967484907,0.0950519951408456,0.4722181427524732,0.0,0.008717111809895315,6.823171531111112,54.0,-48.0
outputs/good/tomate_bueno_2/morph_close.png,bueno,122.33944990646022,84,50.3782406260413,83.69699512506993,0.44763432964168304,0.03191831821525372,0.9834758944615386,0.0010187790376901974,0.13135560667628676,0.10258402588283007,0.4452094406289449,0.0,-0.003283843490029057,4.656382098114134,37.0,-44.0
outputs/good/tomate_bueno_2/morph_open.png,bueno,111.92198383950961,85,50.571959325583556,76.03446415727642,0.4495243224820202,0.03181306331790225,0.9851140949873606,0.0010120709976688578,0.130753203109392,0.10335075059397332,0.40528735105867014,0.0,0.01508577797237591,4.584009884178282,42.0,-39.0
outputs/good/tomate_bueno_2/original.png,bueno,102.14492695935995,84,69.81458176082008,168.2902781107648,0.22639458161804413,0.01696823540848743,0.9705246385940721,0.0002879210128778466,0.13715847439385523,0.09468543010411297,0.47943946317349045,0.0,0.009771922143056163,6.8242244574495015,58.0,-51.0
outputs/good/tomate_bueno_2/resize.png,bueno,102.02261481481482,84,69.40841603399353,26.444613244296047,0.3901296398936562,0.024597591929818943,0.995288424978119,0.000605041528745894,0.1189711822818172,0.11672033051754024,0.7651445286836336,0.0,0.0009222222222222222,2.576518804415402,31.0,-23.0
outputs/good/tomate_bueno_2/RGB.png,bueno,102.14492695935995,42,69.81458176082006,174.723907136578,0.22454930654790817,0.016704983110862607,0.971378652958458,0.00027905646073420493,0.1368082272870736,0.09519079114346475,0.47319086555689094,0.0,0.008299168092982525,7.042769047281024,55.0,-52.0
outputs/good/tomate_bueno_2/rotate.png,bueno,80.75338003688519,0,76.40482681537355,178.3473587469032,0.4144482463367077,0.24071433085536423,0.9813632843934139,0.05794338907914575,0.12147535152842791,0.11337180677815485,0.9999999987499999,0.0,-0.002467858137961231,6.666248916489555,50.0,-44.0
outputs/good/tomate_bueno_2/segmentation_by_color.png,bueno,26.238234552667542,0,61.89865493791361,378.22728362502994,0.7942588795378188,0.7289340733838877,0.9199550567301925,0.5313448833400269,0.06418781319977572,0.10582906005212425,0.9999999987499999,0.0,-3.980416351550372e-05,8.432508085425289,113.0,-80.0
outputs/good/tomate_bueno_2/segmentation_by_color_range.png,bueno,94.0292693282384,0,72.7262841941463,936.6359386238312,0.280092657769267,0.07741026567756983,0.872036105797683,0.005992349232271945,0.13425374655289374,0.09876086931596155,0.5251966203426595,0.0,0.010647613740397245,11.159854733409063,118.0,-94.0
outputs/good/tomate_bueno_2/segmentation_kmeans.png,bueno,101.67154931072457,84,55.83552128610443,411.7999080955806,0.9502777217947862,0.7014372687660719,0.8920664123404494,0.4920142420140067,0.08256116846776099,0.14184385917815948,0.9999999987499999,0.0,0.010767026230943756,8.262145562638612,46.0,-46.0
outputs/good/tomate_bueno_2/segmentation_umbral.png,bueno,101.8457190622139,0,124.89238515444062,3428.453907935747,0.9472756450045252,0.6854501939052986,0.8902045825436946,0.4698419683248115,0.08475228283621204,0.13994544405584,0.9999999987499999,0.0,0.03425148270509095,24.235794238068685,140.0,-135.0
outputs/good/tomate_bueno_2/segmentation_watershed_contours.png,bueno,101.08352240311004,76,72.84282164924544,493.34472148965074,0.23371376565903842,0.023801442167939228,0.9152918973054635,0.0005665086492737556,0.13722086732372596,0.09459498582283533,0.47943946317349045,0.0,0.04925765235043585,7.639599037698326,59.0,-51.0
outputs/good/tomate_bueno_2/sharpen.png,bueno,104.62984118138758,0,79.96051967211471,2236.852593302965,0.09166600249936228,0.0171610349087629,0.7540561589237545,0.00029450111913977884,0.15175955003768044,0.06889714613771752,0.3365341382614386,0.009485378030497465,0.022867491939656887,16.818696182579913,102.0,-102.0
outputs/good/tomate_bueno_3/binary.png,bueno,234.62026825633384,255,69.14837762877073,378.67057556539424,0.9941766281861809,0.9201380601975417,0.9605339971009405,0.8466540498240949,0.01978899234428931,0.08813692755144396,0.9999999987499999,0.0,0.0,8.25867440519051,116.0,-104.0
outputs/good/tomate_bueno_3/binary_resized.png,bueno,234.6196527777778,255,68.22143370339056,50.95151363383416,0.9878481362624864,0.9152757587272145,0.9945349651666978,0.8377297145136781,0.011431074318147515,0.06122735254358307,0.9999999987499999,0.0,0.0,3.9729208398859397,82.0,-92.0
outputs/good/tomate_bueno_3/blur.png,bueno,239.41210134128167,255,53.45914688896596,14.402855889274463,0.9025853187812408,0.8515293125253098,0.9972366278654055,0.7251021700898268,0.03232883288319252,0.09858364695283851,0.9999999987499999,0.0,0.0,1.7996963921242763,27.0,-21.0
outputs/good/tomate_bueno_3/dilated.png,bueno,243.0762046696473,255,40.55663044836472,23.39858801005146,0.9461133170099532,0.9083713217187805,0.992910904606165,0.8251384581211244,0.023088211461245626,0.08429604602397474,0.9999999987499999,0.0,0.0,2.551190754777618,33.0,-34.0
outputs/good/tomate_bueno_3/edges.png,bueno,3.8611028315946347,0,31.13957461142467,1045.2345339236567,0.9839258983495269,0.9768583530120494,0.4629674100579469,0.9542522418494136,0.022402471602288625,0.09043608138361514,0.9999999987499999,0.0,0.0,9.805099193467687,92.0,-105.0
outputs/good/tomate_bueno_3/emboss.png,bueno,238.21726775956284,255,53.25468027855511,174.08651429938973,0.9021910168995515,0.8798007956393273,0.9694089149029849,0.7740494400075933,0.036404244476395634,0.09715255975104709,0.9999999987499999,0.0,0.0,7.772214129123812,120.0,-97.0
outputs/good/tomate_bueno_3/gaussian_blur.png,bueno,239.41276370259976,255,53.85759225752434,19.70611463443819,0.9039784778679039,0.8566122361350922,0.996273076289881,0.7337845230963629,0.03232752674231913,0.09946070081930868,0.9999999987499999,0.0,0.0,2.474285035753159,38.0,-30.0
outputs/good/tomate_bueno_3/gradient.png,bueno,8.362921013412818,0,30.60995997205047,68.12404770451917,0.9044922113573721,0.8488866330028009,0.9637689332427167,0.7206085156908318,0.03642198528052728,0.09979058675207972,0.9999999987499999,0.0,0.0,4.75379316217201,45.0,-56.0
outputs/good/tomate_bueno_3/gray_scale.png,bueno,239.3543964232489,255,47.86682642320189,51.310996769175546,0.907814489192328,0.8691929018814916,0.9888391203692837,0.7554963006811681,0.031948927479999514,0.09782404511290853,0.9999999987499999,0.0,0.0,3.877323991020901,70.0,-44.0
outputs/good/tomate_bueno_3/morph_close.png,bueno,240.18928961748634,255,46.13461648366076,24.41023493279088,0.9436538267718168,0.8950675477749451,0.9942843004900427,0.8011459150798538,0.02496576981849807,0.08580688459553316,0.9999999987499999,0.0,0.0,2.6011957967013846,36.0,-38.0
outputs/good/tomate_bueno_3/morph_open.png,bueno,238.80691505216095,255,49.01136111152402,44.561086514299404,0.9300000103788176,0.8675550134422466,0.9907546539070167,0.7526517013487768,0.03083602759700419,0.09818053356625628,0.9999999987499999,0.0,0.0,3.4596129851407937,65.0,-41.0
outputs/good/tomate_bueno_3/original.png,bueno,239.4111806590495,255,54.60929930246915,54.62757767939053,0.9065973509764269,0.8683383438739661,0.9899420110262022,0.7540114794417823,0.03188756345025774,0.09784406505551427,0.9999999987499999,0.0,0.0,3.8738221131758945,70.0,-43.0
outputs/good/tomate_bueno_3/resize.png,bueno,239.3968888888889,255,54.42377475735681,9.033589315525877,0.9243085277020929,0.8653347687878706,0.9983229696943869,0.7488042620731575,0.02050977485862201,0.07570175141575086,0.9999999987499999,0.0,0.0,1.509359687637995,56.0,-31.0
outputs/good/tomate_bueno_3/RGB.png,bueno,239.4111806590495,255,54.60929930246915,63.4685493199314,0.9065045670293674,0.8683478515670602,0.9911414066263549,0.7540279913211292,0.03159349595137481,0.09793941383766469,0.9999999987499999,0.0,0.0,4.326133343634373,71.0,-46.0
outputs/good/tomate_bueno_3/rotate.png,bueno,207.86095711210464,255,94.53969785590175,182.64452953611743,0.8927632327608876,0.7448636948466044,0.989273656654012,0.5548219239005354,0.04746494324581552,0.1186023760210924,0.9999999987499999,0.0,0.027103825136612022,7.970131811990128,94.0,-50.0
outputs/good/tomate_bueno_3/segmentation_by_color.png,bueno,9.809716840536513,0,42.02051695669783,151.59734354433405,0.9298080789738126,0.902430622203151,0.912371593654314,0.8143810278899662,0.026961880053706786,0.08208736077068156,0.7079652199655108,0.0,0.0,4.937700299973629,52.0,-68.0
outputs/good/tomate_bueno_3/segmentation_by_color_range.png,bueno,10.130352707401888,0,42.48643804606534,159.89517769534524,0.9269562215527338,0.898303947429073,0.9098578792802805,0.8069499819666549,0.028161885195361554,0.08582907689143096,0.9999999987499999,0.0,0.0,4.848016991833344,51.0,-65.0
outputs/good/tomate_bueno_3/segmentation_kmeans.png,bueno,239.0492333167743,254,52.891724675547074,143.25236328826134,0.9952137533147924,0.9077340880596941,0.9720510500411544,0.8239811746255646,0.018542381749294328,0.08840759184124429,0.9999999987499999,0.0,0.0,4.803922887783845,72.0,-73.0
outputs/good/tomate_bueno_3/segmentation_umbral.png,bueno,234.61520119225037,255,69.15622657103064,378.67057556539424,0.994176628186181,0.9201198632249211,0.9605429516635295,0.8466205627010476,0.019780472073305383,0.08813884013727079,0.9999999987499999,0.0,0.0,8.258277396279423,116.0,-104.0
outputs/good/tomate_bueno_3/segmentation_watershed_contours.png,bueno,235.46022851465474,255,62.347368213743415,518.2204140241714,0.9005626861024967,0.8501456665359914,0.9236505364193945,0.7227476543299252,0.04065593863177469,0.11522868651543569,0.9999999987499999,0.0,0.3982116244411326,8.368219680843081,88.0,-51.0
outputs/good/tomate_bueno_3/sharpen.png,bueno,238.8834575260805,255,56.73470743049782,349.6810258864824,0.8916641102693514,0.8764973702336387,0.9409437367542609,0.7682476400264844,0.03633789291428192,0.0962799839471733,0.9999999987499999,0.0,0.0,6.879870491739636,111.0,-92.0
outputs/good/tomate_bueno_4/binary.png,bueno,132.44719101123596,255,127.40398463587525,580.91949283579,0.9910663504930983,0.7013402199801175,0.9821062269169433,0.4918781041617597,0.02349703506767614,0.09679113728283653,0.9999999987499999,0.0,8.322929671244278e-05,11.163349517245067,159.0,-148.0
outputs/good/tomate_bueno_4/binary_resized.png,bueno,132.46301666666668,255,126.37248585919747,678.2533555926543,0.96741044463724,0.6809935339096337,0.9787663447681543,0.4637521932267314,0.03984181687199697,0.10827194837829948,0.9999999987499999,0.0,-0.0013805555555555557,11.808526146845466,131.0,-124.0
outputs/good/tomate_bueno_4/blur.png,bueno,121.35483319461784,171,65.54585444402034,2.8154215071027777,0.7215789150083114,0.04862039125600041,0.9995085163081256,0.002363942445886561,0.10195110062695024,0.13184745294746877,0.8182747282453969,0.0,4.577611319184353e-05,1.4473137249040808,18.0,-15.0
outputs/good/tomate_bueno_4/dilated.png,bueno,127.28000416146483,171,50.504157211366724,4.570184891904303,0.7647786523420399,0.05669491861183739,0.9991041418047684,0.0032143137964028654,0.10284931499240411,0.13114799339958075,0.8644185405286772,0.0,0.0008073241781106949,1.6768835948989038,35.0,-24.0
outputs/good/tomate_bueno_4/edges.png,bueno,4.908988764044944,0,35.03846406659317,900.5606263646673,0.9861507608285199,0.9739403548852309,0.6334430653366894,0.9485598148739696,0.01863189046878815,0.08096396190344081,0.9999999987499999,0.0,0.004088639200998751,10.470834587443491,106.0,-116.0
outputs/good/tomate_bueno_4/emboss.png,bueno,122.32214107365793,171,54.796736813153636,73.14332272315986,0.4187006420141066,0.03183961752153432,0.9878204910631919,0.0010137612439175953,0.1300526024106445,0.10423098568269337,0.6855414259295006,0.0,5.8260507698709944e-05,7.648765536268939,94.0,-109.0
outputs/good/tomate_bueno_4/gaussian_blur.png,bueno,121.35844846719378,171,65.62724853047254,3.5109667960920414,0.7081692887173376,0.047699078068777,0.9993890644928681,0.002275202048611283,0.10487943494917285,0.1295302354384692,0.776166680181469,0.0,0.00018310445276737412,1.644649823456432,27.0,-22.0
outputs/good/tomate_bueno_4/gradient.png,bueno,9.062115064502706,2,13.710436381531721,7.0591191785914,0.7017719921909711,0.1924048527576661,0.9812330075633933,0.03701962736469918,0.12068003988860798,0.1149526239013684,0.7001984401332303,0.0,0.0016635455680399501,2.20834831219819,38.0,-31.0
outputs/good/tomate_bueno_4/gray_scale.png,bueno,122.78973262588431,171,51.15091458936416,6.236621445878224,0.7009025436007936,0.050406714788782135,0.9988081221379161,0.0025408368957976274,0.10873490309289088,0.1263111183439752,0.6897221277503892,0.0,0.00033915938410320433,2.1250360182583194,43.0,-46.0
outputs/good/tomate_bueno_4/morph_close.png,bueno,123.67996982937994,171,50.9343328671991,4.305105482200627,0.7681861721455437,0.055460890732068405,0.999170250302833,0.003075910400794431,0.10320371422905292,0.1308692902732208,0.6967065481592455,0.0,-0.00010715771951727008,1.6301112799504185,28.0,-34.0
outputs/good/tomate_bueno_4/morph_open.png,bueno,121.9723116937162,171,51.19411016339462,4.372049533579273,0.7659335609858249,0.05505979273782871,0.9991658523780748,0.0030315807763326556,0.10246174852879145,0.13145100933637488,0.6933027582807555,0.0,0.0003859758635039534,1.680309597090811,42.0,-27.0
outputs/good/tomate_bueno_4/original.png,bueno,121.35569912609239,171,65.75468538017144,6.402218244708711,0.6942160850580607,0.04849912734126186,0.998891747420367,0.002352165352863934,0.10983186226288566,0.12535844526772125,0.6950387190728643,0.0,0.0003589263420724095,2.1238511560397177,41.0,-43.0
outputs/good/tomate_bueno_4/resize.png,bueno,121.25781574074074,171,65.72272286270764,17.607515303283243,0.5600010134682949,0.03853484795845405,0.9969481376170086,0.0014849345071811701,0.11378017886766684,0.1217860774681433,0.7075492213535116,0.0,0.0005111111111111112,2.5542806695360305,45.0,-35.0
outputs/good/tomate_bueno_4/RGB.png,bueno,121.35569912609239,170,65.75468538017148,6.551410403384428,0.6875932950622824,0.04993593528896322,0.9990377244374319,0.0024935976331835227,0.11055177364787416,0.12472402780356708,0.712261868647594,0.0,0.0003297960882230545,2.11658554000621,42.0,-43.0
outputs/good/tomate_bueno_4/rotate.png,bueno,76.16307532251352,0,75.52796315131313,28.24968580766953,0.746583713318521,0.30525029022029737,0.9967039647199001,0.09317773967957577,0.0840492579317984,0.11611106103627163,0.9999999987499999,0.0,-0.00013732833957553057,2.4455791221911154,38.0,-36.0
outputs/good/tomate_bueno_4/segmentation_by_color.png,bueno,61.45391524483285,0,75.889171541536,91.51511298949708,0.7893113868890256,0.4186838198545569,0.9891858627662019,0.17529614100800303,0.07851160422095058,0.11675287364874631,0.9999999987499999,0.0,0.00032459425717852684,4.502336044453522,103.0,-87.0
outputs/good/tomate_bueno_4/segmentation_by_color_range.png,bueno,67.6892367179914,0,76.78144283286832,87.66315250224125,0.7751691159583811,0.35214263561026093,0.9896529605178936,0.124004435814541,0.08249293311172863,0.11832766703344984,0.9999999987499999,0.0,0.00036620890553474823,4.602583439167283,103.0,-108.0
outputs/good/tomate_bueno_4/segmentation_kmeans.png,bueno,120.7156363573311,162,55.74003219650739,70.77313491580063,0.9914545840478386,0.7020524432753996,0.9828607927524151,0.49287763310895816,0.022594689682679303,0.09309685753911116,0.9999999987499999,0.0,5.513940907199334e-05,3.7685102871990326,54.0,-49.0
outputs/good/tomate_bueno_4/segmentation_umbral.png,bueno,132.44719101123596,255,127.40398463587525,580.91949283579,0.9910663504930983,0.7013402199801175,0.9821062269169433,0.4918781041617597,0.02349703506767614,0.09679113728283653,0.9999999987499999,0.0,8.322929671244278e-05,11.163349517245067,159.0,-148.0
outputs/good/tomate_bueno_4/segmentation_watershed_contours.png,bueno,120.68459703148842,171,67.26486888741529,92.11960029112902,0.6945130095061669,0.049001200542960865,0.984302218146349,0.0024011176546514684,0.10844219712369776,0.12656250491507434,0.7040021893502115,0.0,0.03389617145235123,3.053734100533347,40.0,-43.0
outputs/good/tomate_bueno_4/sharpen.png,bueno,121.65142495491746,171,67.77237243965729,134.4184354627608,0.28617367277634526,0.023155515256852912,0.9787619162235595,0.000536177886810348,0.1429408887700357,0.08570694306471843,0.6111364190757214,0.0,0.001840407823553891,6.749944879194073,93.0,-105.0
outputs/good/tomate_bueno_5/binary.png,bueno,60.87509954415641,0,108.70773955541965,357.94755200810954,0.9944953164579076,0.7943768658892763,0.9848558306287115,0.6310346050600691,0.017284451986762584,0.08614787688546532,0.9999999987499999,0.0,-8.398323081429408e-05,7.669031994821848,168.0,-160.0
outputs/good/tomate_bueno_5/binary_resized.png,bueno,60.868125,0,108.2251484718878,1199.0854757929883,0.9689364409814006,0.778059620182604,0.948824257489649,0.6053767725586979,0.05311442385903204,0.12181969326339331,0.9999999987499999,0.0,0.00034722222222222224,13.730212929946097,134.0,-146.0
outputs/good/tomate_bueno_5/blur.png,bueno,88.326648390207,79,50.769985393825735,1.3302904414230714,0.7132012752361596,0.047979627346868184,0.9996104367817785,0.0023020446403443414,0.09806062173200401,0.134766064846185,0.695130525336208,0.0,-2.3112551259519625e-05,1.2520794980930303,7.0,-8.0
outputs/good/tomate_bueno_5/dilated.png,bueno,96.25044074033391,82,42.11248698936317,1.6496033961713865,0.7283312093945978,0.04884799050066751,0.9995349381966045,0.0023861261759533033,0.10602648793002556,0.1285930076890538,0.6917837975593919,0.0,0.00020229203280609255,1.2600373061832957,14.0,-21.0
outputs/good/tomate_bueno_5/edges.png,bueno,0.16718269442003514,0,6.527146162282131,47.00982987780129,0.9992770610236243,0.998982824519316,0.4485039072612249,0.9979666836845904,0.0014614130234753345,0.02533317256818399,0.9999999987499999,0.0,0.0,2.1369331153031994,95.0,-120.0
outputs/good/tomate_bueno_5/emboss.png,bueno,93.56543048843,37,42.74143999617724,13.0999987866892,0.42296354166222366,0.028589820718968994,0.9964147163786777,0.0008173778487427887,0.1462029440416534,0.08001547929271596,0.49491282461761144,0.0,-0.00015400739601640305,2.389223305112312,83.0,-101.0
outputs/good/tomate_bueno_5/gaussian_blur.png,bueno,88.32841325851885,79,50.79366869675162,1.4092737693880772,0.7060197301474713,0.0473275793051437,0.9995878451667424,0.002239899762884666,0.10366703633263095,0.13050257984908506,0.6958611666387167,0.0,-4.34790568248389e-06,1.2721363917346242,10.0,-16.0
outputs/good/tomate_bueno_5/gradient.png,bueno,5.301546023725835,2,5.391170939940553,1.2026375545331696,0.7376135079605882,0.20740269787611976,0.9793126557582001,0.043015879086293014,0.1312410068929284,0.1027305985665224,0.5668026581094473,0.0,0.00041167801698886936,1.243548106421539,15.0,-21.0
outputs/good/tomate_bueno_5/gray_scale.png,bueno,93.57041295950498,37,41.72041775369831,1.7015564488270147,0.6989184984242425,0.046708190954264414,0.9995112326396646,0.0021816551022200282,0.114240775074813,0.12135412263455221,0.6512644964723976,0.0,-3.8215802577621555e-05,1.3013197374584824,14.0,-34.0
outputs/good/tomate_bueno_5/morph_close.png,bueno,93.74895329891623,37,41.74757066058587,1.5430252599861776,0.7307093126040181,0.04971160618575047,0.9995573470758793,0.002471243789567144,0.10558871956813122,0.12895270477655793,0.6816679678745902,0.0,-0.00020252086994727592,1.238100103171503,11.0,-29.0
outputs/good/tomate_bueno_5/morph_open.png,bueno,93.38748604093439,37,41.66651491663055,1.4592374501884409,0.7318586125639547,0.04969806015721208,0.999579751660063,0.0024698971833898705,0.10503675427679095,0.12940269711320826,0.671848026264796,0.0,0.0001524055360281195,1.225533839982099,13.0,-11.0
outputs/good/tomate_bueno_5/original.png,bueno,88.32627538566686,79,50.81955771893073,1.8212550532677783,0.6905466497683082,0.04616594427859733,0.9994680863795901,0.002131294411134554,0.1165002539739135,0.11918669638120861,0.6355397063596753,0.0,-3.730045401288811e-05,1.313964524678968,14.0,-31.0
outputs/good/tomate_bueno_5/resize.png,bueno,88.23795555555556,79,50.81126305337732,22.22870061213133,0.35898589774558165,0.025742046299242118,0.9935046615483845,0.0006626529476723248,0.11642417750673648,0.11926101064991666,0.6807199089436852,0.0,-0.0004,2.1691639085652845,24.0,-31.0
outputs/good/tomate_bueno_5/RGB.png,bueno,88.32627538566686,78,50.819557718930724,1.8255673429844197,0.6908445249112608,0.04659767189793618,0.9994323687827162,0.002171343026307711,0.11702556158243152,0.11867095561512613,0.681143321075868,0.0,-4.325021968365554e-05,1.3101492841309343,15.0,-33.0
outputs/good/tomate_bueno_5/rotate.png,bueno,74.29093354874536,0,59.967505985544896,4.23153129208672,0.7443171688124121,0.2013555118534858,0.9992614025583026,0.040544042153779256,0.09663656104045756,0.11675754558015518,0.9999999987499999,0.0,3.2723711189220855e-05,1.5095800332735838,47.0,-37.0
outputs/good/tomate_bueno_5/segmentation_by_color.png,bueno,18.99896107937903,0,52.30077840179168,26.167958842666323,0.9450692617124353,0.8259573652471349,0.992644570689884,0.6822055692059891,0.024777945725806175,0.07555553151255637,0.9999999987499999,0.0,-6.178602811950791e-06,2.2341405624443453,84.0,-86.0
outputs/good/tomate_bueno_5/segmentation_by_color_range.png,bueno,65.40206731473344,0,57.84687360537398,91.65856403980298,0.7504319915930201,0.24395021341730308,0.9828637323995156,0.059511706626347714,0.09611587736540951,0.1253766734150415,0.9999999987499999,0.0,2.7460456942003517e-06,4.227416338369428,96.0,-98.0
outputs/good/tomate_bueno_5/segmentation_kmeans.png,bueno,87.78786888547158,63,39.126342361392986,30.31160431050409,0.993249085899665,0.7104983161615563,0.986176825168477,0.5048078572684069,0.020596217939421867,0.09348022489711655,0.9999999987499999,0.0,-7.391439660222613e-05,2.354028743548701,42.0,-48.0
outputs/good/tomate_bueno_5/segmentation_umbral.png,bueno,60.87509954415641,0,108.70773955541965,357.94755200810954,0.9944953164579076,0.7943768658892763,0.9848558306287115,0.6310346050600691,0.017284451986762584,0.08614787688546532,0.9999999987499999,0.0,-8.398323081429408e-05,7.669031994821848,168.0,-160.0
outputs/good/tomate_bueno_5/segmentation_watershed_contours.png,bueno,88.15258303737063,76,51.70405592584389,50.233574690611476,0.6878789404463393,0.04619713900795625,0.9853251876627802,0.002134175652520433,0.11531868471452045,0.12033029014157144,0.8198097102932023,0.0,0.002332308142940832,1.8776617889393092,31.0,-32.0
outputs/good/tomate_bueno_5/sharpen.png,bueno,88.30069757188538,78,51.20376425257656,43.35579125834753,0.25102420559733785,0.020010445626107355,0.9876003758424129,0.00040041793415539895,0.15666120024022573,0.05687746577752208,0.4647973407110123,0.0,-9.42809021675454e-05,2.241976085588758,55.0,-104.0
outputs/good/tomate_bueno_6/binary.png,bueno,180.818375,255,115.81623758074419,407.0847245409015,0.9937396622190985,0.7621100273634959,0.9848403551160024,0.5808116938079884,0.01801362259978459,0.08484490287513513,0.9999999987499999,0.0,0.0,8.295531595048292,140.0,-124.0
outputs/good/tomate_bueno_6/binary_resized.png,bueno,180.818375,255,115.81623758074419,407.0847245409015,0.9937396622190985,0.7621100273634959,0.9848403551160024,0.5808116938079884,0.01801362259978459,0.08484490287513513,0.9999999987499999,0.0,0.0,8.295531595048292,140.0,-124.0
outputs/good/tomate_bueno_6/blur.png,bueno,189.77737592592592,247,87.7286737913455,9.783043962159153,0.8032621366381179,0.2002419162405501,0.9993034076334436,0.04009682501968748,0.08689314056947965,0.1387134465144463,0.9999999987499999,0.0,0.0,1.8706742694072163,27.0,-26.0
outputs/good/tomate_bueno_6/dilated.png,bueno,194.2174222222222,251,76.42335902952095,21.240022259321087,0.8389583408222423,0.2096209688321255,0.9981830739279174,0.04394095057411893,0.08824333838139113,0.13407514598039438,0.9105806825515808,0.0,2.777777777777778e-06,2.9500324856955307,69.0,-52.0
outputs/good/tomate_bueno_6/edges.png,bueno,4.108333333333333,0,32.10524251928676,1115.2312186978297,0.9828494568526769,0.9753913052136202,0.45990462630675616,0.9513881982863295,0.01763287071204605,0.08313940958510796,0.9999999987499999,0.0,0.0,10.07801926085787,105.0,-106.0
outputs/good/tomate_bueno_6/emboss.png,bueno,188.59655555555557,251,81.88988188294368,154.6403311074012,0.6502169533304534,0.18798596194872602,0.9884782682394724,0.03533872188978787,0.11349968937674078,0.11490149742525205,0.9999999987499999,0.0,0.00025277777777777777,7.272237348107836,117.0,-108.0
outputs/good/tomate_bueno_6/gaussian_blur.png,bueno,189.7785814814815,247,87.92660195439753,12.952142459654981,0.794655456865605,0.19918464218508317,0.999081806356431,0.03967452168239961,0.09066398657341007,0.13643586992307033,0.9999999987499999,0.0,0.0,2.3567067417620433,39.0,-42.0
outputs/good/tomate_bueno_6/gradient.png,bueno,10.170555555555556,0,27.264650082768387,38.959412910406236,0.7893782417152663,0.4059749943602965,0.9738328678159476,0.16481569604584276,0.10317356626237187,0.12425678582012405,0.9105806825515808,0.0,8.333333333333334e-06,4.2871523182563225,66.0,-55.0
outputs/good/tomate_bueno_6/gray_scale.png,bueno,189.11544166666667,251,79.40830000278754,29.901124095715076,0.7752368737731521,0.20584899894476888,0.9976306504449571,0.04237381036656346,0.09449403785277657,0.13015788758772398,0.9999999987499999,0.0,0.0,3.3469530089985495,66.0,-66.0
outputs/good/tomate_bueno_6/morph_close.png,bueno,189.92468888888888,251,78.64609318129531,20.901129660545354,0.8410795527067435,0.21095211603712852,0.9983115591633815,0.04450079526054214,0.08690057875922029,0.13502871701794808,0.9999999987499999,0.0,0.0,2.8851757119608656,42.0,-61.0
outputs/good/tomate_bueno_6/morph_open.png,bueno,188.38565,251,80.03288103210903,21.700653867557037,0.8426394326143516,0.20994114680103362,0.9983071727193742,0.044075285120133145,0.08544545581504506,0.13587533116173384,0.9999999987499999,0.0,0.0,2.9137890566522944,60.0,-45.0
outputs/good/tomate_bueno_6/original.png,bueno,189.7774222222222,247,88.22778713135563,29.96003895381191,0.7666967123727266,0.19662562663277738,0.9978905786192148,0.03866163704873237,0.09791995550322628,0.13165151446041967,0.9999999987499999,0.0,0.0,3.3537383784533805,64.0,-66.0
outputs/good/tomate_bueno_6/resize.png,bueno,189.7774222222222,247,88.22778713135563,29.96003895381191,0.7666967123727266,0.19662562663277738,0.9978905786192148,0.03866163704873237,0.09791995550322628,0.13165151446041967,0.9999999987499999,0.0,0.0,3.3537383784533805,64.0,-66.0
outputs/good/tomate_bueno_6/RGB.png,bueno,189.7774222222222,251,88.22778713135561,30.472531997774063,0.7637788998455561,0.20428456270612447,0.9982485647820342,0.0417321825600325,0.09511663450878925,0.130362926074629,0.9999999987499999,0.0,0.0,3.3500555550949036,66.0,-67.0
outputs/good/tomate_bueno_6/rotate.png,bueno,167.4325685185185,0,100.8686412252338,86.89616026711185,0.7611027485811628,0.185043540924315,0.9953165942683809,0.03424111203780864,0.09885298987253964,0.12980160535663196,0.9999999987499999,0.0,0.004538888888888889,5.226579661120952,94.0,-58.0
outputs/good/tomate_bueno_6/segmentation_by_color.png,bueno,27.062137962962964,0,61.82068355918926,99.94868670005569,0.8793282992130538,0.7157073165698087,0.9723495184208195,0.5122369629915564,0.04487622890942517,0.0963408689576282,0.9999999987499999,0.0,0.0,4.139316234462993,103.0,-82.0
outputs/good/tomate_bueno_6/segmentation_by_color_range.png,bueno,32.82435,0,64.57576115353953,140.12731218697834,0.8366251284061694,0.6473535338555831,0.9673516328034925,0.4190665977953116,0.05943917628411528,0.10507970433040961,0.9999999987499999,0.0,0.0,5.160918307605515,103.0,-76.0
outputs/good/tomate_bueno_6/segmentation_kmeans.png,bueno,189.32563425925926,243,82.42676072505513,163.18717863105175,0.9942183461955341,0.7350861876442876,0.9872618190457735,0.5403517032654127,0.018147831563174847,0.08706093740129822,0.9999999987499999,0.0,0.0,5.100898613643156,87.0,-88.0
outputs/good/tomate_bueno_6/segmentation_umbral.png,bueno,180.818375,255,115.81623758074419,407.0847245409015,0.9937396622190985,0.7621100273634959,0.9848403551160024,0.5808116938079884,0.01801362259978459,0.08484490287513513,0.9999999987499999,0.0,0.0,8.295531595048292,140.0,-124.0
outputs/good/tomate_bueno_6/segmentation_watershed_contours.png,bueno,188.61764814814813,247,89.13187212935452,172.69066221480247,0.7634650472705784,0.19452411826029628,0.987969804119288,0.03783963258494573,0.09690333290876749,0.13312807461386128,0.9999999987499999,0.0,0.14402777777777778,5.387476259221272,64.0,-66.0
outputs/good/tomate_bueno_6/sharpen.png,bueno,189.56349537037036,252,89.54218924828102,403.03834724540906,0.5712288304259917,0.16553492894282787,0.972703881576996,0.02740181270010707,0.1259384668301181,0.10758412900688648,0.9999999987499999,0.0,8.055555555555556e-05,7.332011054589451,130.0,-107.0
outputs/sicks/tomate_enfermo_1/binary.png,malo,182.56740740740742,255,114.99491571989874,1906.8839285714284,0.9706750541541624,0.7508074105672243,0.9280927996268492,0.5637117677626606,0.05975679845444156,0.13154295780883404,0.9999999987499999,0.0,0.0,16.757046794824873,143.0,-128.0
outputs/sicks/tomate_enfermo_1/binary_resized.png,malo,182.56841666666668,255,112.61792455142665,181.87975514746796,0.9431341491860463,0.7283103626334207,0.9928369409510894,0.5304359843192248,0.04635494235272066,0.10755761450644401,0.9797793708824897,0.0,0.0,8.22670617224442,90.0,-88.0
outputs/sicks/tomate_enfermo_1/blur.png,malo,172.186587654321,237,78.47589215322617,30.27200396825397,0.4950098821231649,0.08819178290661447,0.9964884944563375,0.007777790572247417,0.10843498967483886,0.1265686801002361,0.6957396622457612,0.0,-0.0012641975308641975,2.476851522302659,17.0,-12.0
outputs/sicks/tomate_enfermo_1/dilated.png,malo,187.60559012345678,239,54.07608390708252,55.10857142857143,0.6487434218037862,0.09803560887514692,0.9905849978924169,0.009610980607520787,0.11529834277745321,0.1203497815633837,0.696955424901498,0.0,0.0001580246913580247,3.737965377075259,28.0,-25.0
outputs/sicks/tomate_enfermo_1/edges.png,malo,23.49274074074074,0,73.7478136718454,7059.857142857143,0.891430241090377,0.8574754498761684,0.3535574890091872,0.7352641471403375,0.07193167946825141,0.13293850001836416,0.9999999987499999,0.0,0.0,24.045793348895305,111.0,-128.0
outputs/sicks/tomate_enfermo_1/emboss.png,malo,174.72705185185185,237,73.83873765389524,772.9526587301586,0.34850748136019155,0.07915746530248512,0.9292177234072021,0.006265904313114135,0.1342371450882392,0.09878343307461364,0.5829589380427296,0.0,-0.0016197530864197531,14.835958896840664,105.0,-105.0
outputs/sicks/tomate_enfermo_1/gaussian_blur.png,malo,172.19090699588477,238,78.9444324379822,39.468452380952385,0.48946673935751317,0.08855947144356337,0.9954884281666887,0.007842779982363315,0.1121222481103036,0.123314148608727,0.6908139296717056,0.0,-0.0012444444444444445,3.1724770758883407,26.0,-20.0
outputs/sicks/tomate_enfermo_1/gradient.png,malo,27.686577777777778,0,33.127165065487404,109.61013888888887,0.517872050147295,0.14314369409084807,0.9501505680607581,0.020490117157974292,0.1258930482843169,0.1092186713149038,0.5714933512221324,0.0,0.005530864197530864,5.655625760503833,31.0,-39.0
outputs/sicks/tomate_enfermo_1/gray_scale.png,malo,174.01145679012345,237,62.6902690548865,92.84303571428569,0.47811028463738725,0.09473168521233834,0.9881903145807033,0.008974092183169562,0.12269328269263588,0.11280131272354257,0.6009099910408184,0.0,-0.0012444444444444445,4.654190564360543,51.0,-34.0
outputs/sicks/tomate_enfermo_1/morph_close.png,malo,176.98688395061728,237,59.853190150393196,56.504999999999995,0.6434138572293138,0.0994044698297518,0.9921145177917108,0.009881248622134036,0.11349261454518221,0.12205410363013125,0.6624417701651448,0.0,-0.0015604938271604938,3.70942310704525,28.0,-27.0
outputs/sicks/tomate_enfermo_1/morph_open.png,malo,171.49767901234569,237,64.61702500532613,60.3580753968254,0.6301062371580155,0.10193474925630652,0.9927737739197933,0.010390693105946083,0.11393142509492293,0.12164459768174965,0.6949070921829963,0.0,1.9753086419753087e-05,3.819557210405472,44.0,-29.0
outputs/sicks/tomate_enfermo_1/original.png,malo,172.18952427983538,238,79.68702254463291,98.86376984126984,0.4593112333855637,0.08563984863058428,0.9889700107853725,0.007334183673469389,0.12317401713420315,0.11227617411123832,0.5726076765323267,0.0,-0.0010666666666666667,4.662325901611717,49.0,-35.0
outputs/sicks/tomate_enfermo_1/resize.png,malo,172.10268796296296,237,79.51839220394724,11.710509181969949,0.6257089989641659,0.09613792965811065,0.9986861326477305,0.00924250151894783,0.11090391662047369,0.12285070849549407,0.9999999987499999,0.0,-0.00022222222222222223,1.958097136268201,28.0,-27.0
outputs/sicks/tomate_enfermo_1/RGB.png,malo,172.18952427983538,236,79.68702254463291,109.62244047619049,0.45232662152136,0.08151262983775132,0.990504732769892,0.006644308823066265,0.12113739408199607,0.11447056182557934,0.6202326791941668,0.0,-0.0012444444444444445,4.929381643738861,45.0,-36.0
outputs/sicks/tomate_enfermo_1/rotate.png,malo,140.89526255144034,0,93.68826519370042,212.1552182539683,0.4720307878761393,0.13957370427409363,0.9842147552987786,0.019480818924792146,0.11729547925754956,0.11840417355369783,0.6673195786980738,0.0,0.016039506172839505,7.640548071506858,86.0,-50.0
outputs/sicks/tomate_enfermo_1/segmentation_by_color.png,malo,64.26067489711934,0,84.76395739516514,688.7182142857143,0.5719812973924072,0.47089150843117245,0.925630018174152,0.22173881271258494,0.10118435459010781,0.11659644497275108,0.8748285818937247,0.0,0.00588641975308642,10.903743378814918,95.0,-85.0
outputs/sicks/tomate_enfermo_1/segmentation_by_color_range.png,malo,64.80744691358025,0,84.8507934290018,675.8491269841271,0.5691796866792236,0.46484297020991694,0.9265769796894299,0.21607898695357772,0.1005918393961445,0.11710801185612892,0.8748285818937247,0.0,0.00588641975308642,10.7506749678168,95.0,-85.0
outputs/sicks/tomate_enfermo_1/segmentation_kmeans.png,malo,171.60421399176954,222,72.1258944751967,256.5714285714286,0.9821837769202535,0.699226520685379,0.9639017419312569,0.4889177272297809,0.05201593365442186,0.1372087079903405,0.9999999987499999,0.0,0.0,6.008579873711045,61.0,-61.0
outputs/sicks/tomate_enfermo_1/segmentation_umbral.png,malo,182.57748148148147,255,114.99009102377937,1919.7857142857144,0.9704766445070324,0.7507057421101077,0.9276002326177714,0.5635591112370875,0.05971772250122113,0.13156070207277193,0.9999999987499999,0.0,0.0,16.799129901042456,143.0,-128.0
outputs/sicks/tomate_enfermo_1/segmentation_watershed_contours.png,malo,168.37023209876543,237,83.03652201456507,654.321626984127,0.45606762787140986,0.08281902659359629,0.9308380154430704,0.006858991165910809,0.11788632372531037,0.1178159261132023,0.7069864826211362,0.0,0.3448888888888889,8.32022107968381,53.0,-41.0
outputs/sicks/tomate_enfermo_1/sharpen.png,malo,172.2248230452675,236,83.94485206821615,1670.3357142857144,0.23683409236660807,0.054453395418584766,0.8458085686495853,0.0029651722726127486,0.14461425172684828,0.08285225386238007,0.5765090081191666,0.0,-0.004207407407407407,12.95186919448526,96.0,-93.0
outputs/sicks/tomate_enfermo_2/binary.png,malo,93.11245956084802,0,122.77518911631006,1312.6096477062797,0.9798140797879883,0.7186953209300874,0.9564668856303773,0.5165229643268013,0.03589366461855786,0.10956131851668285,0.9999999987499999,0.0,0.00079731093979442,14.548305470043045,160.0,-160.0
outputs/sicks/tomate_enfermo_2/binary_resized.png,malo,93.12039444444444,0,121.17796872855122,1284.0696605453531,0.9358359205860944,0.6861775204869641,0.9562875201580682,0.470839589621638,0.05617922959540551,0.1129049568072748,0.9999999987499999,0.0,0.004011111111111111,14.502913903376983,132.0,-141.0
outputs/sicks/tomate_enfermo_2/blur.png,malo,96.77538010890846,55,78.52733872888679,8.90849521217576,0.5722926809025743,0.034776704077979094,0.998211784336933,0.0012094191465273276,0.1284991944399751,0.10614016581452707,0.8058496350404731,0.0,-0.0006037192547723936,2.05464813098237,54.0,-40.0
outputs/sicks/tomate_enfermo_2/dilated.png,malo,117.20016663225037,171,50.38306852058688,25.764559047918436,0.6617672409772618,0.042684986963128245,0.9949267199675701,0.001822008112042428,0.12891191762324433,0.10563851222741337,0.6605386116966637,0.0,0.0009708264500734214,3.086452401617151,85.0,-72.0
outputs/sicks/tomate_enfermo_2/edges.png,malo,12.163021406938325,0,54.34732163615454,3592.8523906106684,0.9447474488572161,0.9256884056126041,0.39215523728916746,0.8568990242856052,0.0358386336146824,0.10404173047235817,0.9999999987499999,0.0,0.00567725541483113,16.196457210693335,111.0,-122.0
outputs/sicks/tomate_enfermo_2/emboss.png,malo,108.398750114721,0,56.62946456203675,341.4222428921874,0.18864750986683596,0.019597682993003337,0.9467897383203246,0.0003840691786942522,0.15020521730376973,0.07222306050038757,0.6190913037325481,0.0,0.003853191538179148,11.068052181957288,123.0,-117.0
outputs/sicks/tomate_enfermo_2/gaussian_blur.png,malo,96.77752347956437,55,78.68746698755429,13.515019457040205,0.5318802921123185,0.032350129713219454,0.9973139154047514,0.0010465308924621243,0.1363659397167713,0.0958233179176824,0.7045477790788276,0.0,-0.0005693029552129222,2.6315132004026527,59.0,-59.0
outputs/sicks/tomate_enfermo_2/gradient.png,malo,17.026966604717327,6,21.93644970225294,31.126791576414995,0.5351236166656358,0.1031668289477383,0.9676784632009215,0.010643394595131896,0.14657748270544638,0.07932729250530843,0.6449753344532563,0.0,0.0028909691629955946,3.550193164669725,85.0,-72.0
outputs/sicks/tomate_enfermo_2/gray_scale.png,malo,108.31003206451909,56,49.99044352130147,35.01756516421857,0.4466745665787252,0.02747949715499243,0.9929965486488209,0.0007551227638912372,0.14685792756804472,0.07880689616477388,0.6405447819469033,0.0,-0.00038574935756240824,3.7776458336603165,99.0,-101.0
outputs/sicks/tomate_enfermo_2/morph_close.png,malo,110.6564923481094,56,50.041649694640725,22.214130792075938,0.6685559681225111,0.04317143483573111,0.9955661428148169,0.0018637727857757776,0.12912629772054135,0.10537635886624437,0.6553913190569011,0.0,-0.001355141795154185,2.976494728178823,70.0,-98.0
outputs/sicks/tomate_enfermo_2/morph_open.png,malo,105.62864525972834,52,49.52996991763646,10.53839087191368,0.6784603685214982,0.044159612301402466,0.9978529892826714,0.0019500713586101763,0.1272409308749,0.10764535884459762,0.6533440361050751,0.0,0.000434505781938326,2.05724006829407,27.0,-45.0
outputs/sicks/tomate_enfermo_2/original.png,malo,96.77494847115149,55,78.98091012022054,35.49863994499493,0.43508872395496845,0.026879061026468847,0.993071597867299,0.0007224839216646365,0.1475501207439373,0.07750315891111399,0.6322122476580221,0.0,-0.00037140923274596183,3.781633376967295,99.0,-100.0
outputs/sicks/tomate_enfermo_2/resize.png,malo,96.65391481481481,55,78.90457099048662,66.6031385642738,0.34902999404990825,0.022774182875601776,0.9869427111769524,0.0005186634056513532,0.1435355175383621,0.08470733720959271,0.662220248964108,0.0,-0.0008694444444444445,4.2720372214956335,99.0,-97.0
outputs/sicks/tomate_enfermo_2/RGB.png,malo,96.77494847115149,38,78.9809101202206,34.88690514639072,0.43559768553250344,0.02883627660546334,0.9913727905164962,0.0008315308484667924,0.14853821054705696,0.07559218068265382,0.5935408421656728,0.0,-0.00011472099853157122,3.757302909273796,99.0,-100.0
outputs/sicks/tomate_enfermo_2/rotate.png,malo,92.07615227682942,0,81.23956142749566,33.531380308700186,0.48116310277275215,0.07704846891634524,0.9946054845898601,0.00593646656235302,0.14002089772905926,0.08706579008195374,0.9999999987499999,0.0,0.00181402578928047,3.7794029589723754,96.0,-94.0
outputs/sicks/tomate_enfermo_2/segmentation_by_color.png,malo,86.49146714773005,0,80.88315818327894,152.05908021525474,0.49040809343317127,0.09904174852809017,0.9751490976692171,0.009809267951501452,0.14002726296259643,0.08955214312311326,0.9999999987499999,0.0,-0.0006194933920704846,5.37139651703108,111.0,-110.0
outputs/sicks/tomate_enfermo_2/segmentation_by_color_range.png,malo,86.51498925446647,0,80.86659668460166,152.09826989520042,0.49044163484635384,0.09827052970362257,0.9751220858958345,0.009657097008230567,0.14003865095689375,0.08953433391111265,0.9999999987499999,0.0,-0.0006194933920704846,5.368935272201273,111.0,-110.0
outputs/sicks/tomate_enfermo_2/segmentation_kmeans.png,malo,96.26322828713901,146,72.08093555469188,133.1069455389478,0.9802071456447661,0.6945701940493333,0.9602628326081827,0.4824277544617285,0.034946079744743584,0.10719183314557255,0.9999999987499999,0.0,0.0008561054515418503,4.654716873166526,50.0,-50.0
outputs/sicks/tomate_enfermo_2/segmentation_umbral.png,malo,93.10843715583701,0,122.77406242825057,1313.916377071841,0.9797939842974834,0.7186878249600221,0.9564227478352498,0.5165121897457674,0.035905409188190796,0.10955747015103749,0.9999999987499999,0.0,0.00079731093979442,14.553254863822243,160.0,-160.0
outputs/sicks/tomate_enfermo_2/segmentation_watershed_contours.png,malo,96.34638428092879,76,80.32161763439628,164.39055899337268,0.4339190891230185,0.027975653806366064,0.9682547727534565,0.000782637205893644,0.14394854117798045,0.08400354317002763,0.6376913038453025,0.0,0.0038675316629955946,4.318374131963579,99.0,-100.0
outputs/sicks/tomate_enfermo_2/sharpen.png,malo,97.41383783804454,0,81.18413692688672,704.7657547479915,0.1283091931555829,0.012755001079297995,0.8859406067880464,0.00016269005253289302,0.1592416852101959,0.0491921077578001,0.5618696042924358,0.0,0.001984673274596182,10.188511271940477,117.0,-131.0
outputs/sicks/tomate_enfermo_3/binary.png,malo,170.5117734724292,255,120.02598611449288,1888.1656096685415,0.9709629131475328,0.7265633463183188,0.9345870893178461,0.5278942962132732,0.05260335242726179,0.1291407439463565,0.9999999987499999,0.0,-0.013035270740188773,15.70816656228165,135.0,-127.0
outputs/sicks/tomate_enfermo_3/binary_resized.png,malo,170.50670833333334,255,117.49515852672603,236.56800222593208,0.9407689551696308,0.6996491966910422,0.9914392123746749,0.4895089984304206,0.040152651114749624,0.09785722358894343,0.9999999987499999,0.0,0.0,8.923034797645922,94.0,-95.0
outputs/sicks/tomate_enfermo_3/blur.png,malo,169.22144725948004,225,74.97479028115663,20.646643532368078,0.5973933316623881,0.10347504433087695,0.9976074618698576,0.01070708479927695,0.10789705209931057,0.127027571475718,0.7438065814196313,0.0,-0.005404868355688028,2.787626231665143,20.0,-21.0
outputs/sicks/tomate_enfermo_3/dilated.png,malo,186.7385792349727,238,54.61940041875804,47.239300386901206,0.738804203096862,0.10319810637483376,0.9920904162358889,0.010649849159351505,0.1118002571606875,0.12360614979461534,0.6143697169896919,0.0,-0.0008147044212617983,3.8813525346461444,60.0,-35.0
outputs/sicks/tomate_enfermo_3/edges.png,malo,21.844113263785395,0,71.36584335649788,6216.940887878426,0.9043929983717525,0.8696922081383841,0.39167967055510144,0.7563645368966184,0.06475165612788941,0.13033717265249178,0.9999999987499999,0.0,0.017486338797814208,20.411705150329826,104.0,-102.0
outputs/sicks/tomate_enfermo_3/emboss.png,malo,172.60862394436165,0,74.78915386047355,973.8121534841055,0.47711995977324073,0.08993986224261442,0.9130580673600803,0.00808917882022046,0.1278415602880723,0.10693134822668317,0.6301049835256316,0.0,0.008643815201192251,17.354428242705225,115.0,-117.0
outputs/sicks/tomate_enfermo_3/gaussian_blur.png,malo,169.22917701606227,225,75.49242952037103,31.26668262135535,0.5877089507907932,0.10323252465053316,0.9964331017476876,0.010656954145722937,0.11091098083774402,0.1244047109115137,0.6876503609092133,0.0,-0.007213114754098361,3.918723145451507,37.0,-29.0
outputs/sicks/tomate_enfermo_3/gradient.png,malo,30.519622454048683,0,44.172156066254146,110.11726696182843,0.6186199768582086,0.21997269864498092,0.9718393922602206,0.0483879881491556,0.12169568829073864,0.11387685111887129,0.6181444510563224,0.0,0.00977645305514158,6.2831407531976184,56.0,-51.0
outputs/sicks/tomate_enfermo_3/gray_scale.png,malo,172.21530054644808,226,64.96029162266382,149.29009612699932,0.5612458891478895,0.09822709982440908,0.9823189630238488,0.009648563139914426,0.11739606649435677,0.1183044434529767,0.5985515290027235,0.0,-0.009438648782911079,6.479996376394742,69.0,-57.0
outputs/sicks/tomate_enfermo_3/morph_close.png,malo,177.56325881768504,226,59.42156244804234,45.950719955326875,0.7370390894312523,0.10550704786342642,0.9934961117931495,0.011131737148855354,0.10847003238528191,0.1265386495987031,0.6146847684071118,0.0,-0.009359165424739196,3.761870014715051,41.0,-41.0
outputs/sicks/tomate_enfermo_3/morph_open.png,malo,167.78889220069547,226,68.38979759523014,64.14472896972599,0.7204488066399638,0.10405992295853551,0.993145414864526,0.010828467566136346,0.10941197229342857,0.12572508932958676,0.6525576740658859,0.0,-0.0012916045702930949,4.677321417142388,52.0,-47.0
outputs/sicks/tomate_enfermo_3/original.png,malo,169.23605232654413,225,76.68830138455148,150.59674524350842,0.5464437924924883,0.10170500857069491,0.9834686135502737,0.010343908768365124,0.11907197069247465,0.1166175096830113,0.6137036997121896,0.0,-0.009677098857426727,6.476668029019959,66.0,-57.0
outputs/sicks/tomate_enfermo_3/resize.png,malo,169.1499685185185,225,76.33725236299998,22.475158597662773,0.6507581094426309,0.10707372139169731,0.9975037688080408,0.011464781812666818,0.10327382342458179,0.12808196842284447,0.9999999987499999,0.0,-0.00048333333333333334,2.7919467102821924,46.0,-35.0
outputs/sicks/tomate_enfermo_3/RGB.png,malo,169.23605232654413,224,76.68830138455148,151.75818674963108,0.5441139198862105,0.09455238768785534,0.9864450381697285,0.0089401540174745,0.1172713171391408,0.11842810454130435,0.6357135500038474,0.0,-0.009816194734227521,6.442875431908793,67.0,-58.0
outputs/sicks/tomate_enfermo_3/rotate.png,malo,120.8466898493128,0,95.87146268346703,253.4791392445455,0.5617014843264163,0.22278254503743566,0.983785178420122,0.049632062373357044,0.10248335647434614,0.1253492696818097,0.9999999987499999,0.0,0.013472429210134128,8.582085878542957,79.0,-51.0
outputs/sicks/tomate_enfermo_3/segmentation_by_color.png,malo,51.735254181155824,0,73.02206459873688,423.29990826053984,0.6623455210051415,0.5304853735459242,0.9456202324393275,0.28141473154615876,0.09227713418158186,0.11483170027787439,0.8013553786922171,0.0,0.016552409339294586,9.061346600942638,98.0,-88.0
outputs/sicks/tomate_enfermo_3/segmentation_by_color_range.png,malo,51.81663851631065,0,73.01709236523598,431.69737944238364,0.6609232468991301,0.5289903506712618,0.9445337411965096,0.2798307911033045,0.0924295597721524,0.11470904655619851,0.8013553786922171,0.0,0.016552409339294586,9.070863277164191,98.0,-88.0
outputs/sicks/tomate_enfermo_3/segmentation_kmeans.png,malo,168.8528961748634,221,70.0682993732314,260.26229508196724,0.98360758990477,0.7054136428612863,0.9662871505378055,0.4976084075348303,0.04260303160771522,0.12606869166581422,0.9999999987499999,0.0,-0.012916045702930949,6.073567211289469,59.0,-55.0
outputs/sicks/tomate_enfermo_3/segmentation_umbral.png,malo,170.5117734724292,255,120.02598611449288,1888.1656096685415,0.9709629131475328,0.7265633463183188,0.9345870893178461,0.5278942962132732,0.05260335242726179,0.1291407439463565,0.9999999987499999,0.0,-0.013035270740188773,15.70816656228165,135.0,-127.0
outputs/sicks/tomate_enfermo_3/segmentation_watershed_contours.png,malo,166.51123033614837,225,79.01718455041063,418.2662438674166,0.5425889315437064,0.09951928804910855,0.955658520178856,0.00990408869380144,0.11664681404321378,0.11904326331741885,0.7067313143408737,0.0,0.3222851465474416,8.800392730711906,66.0,-64.0
outputs/sicks/tomate_enfermo_3/sharpen.png,malo,171.03486007617155,225,84.15731606266601,2842.9295600494597,0.38975311956966674,0.08095273400526745,0.7613853916436498,0.006553345142927586,0.1354238510426304,0.09715018445850294,0.47518751164696815,0.0,-0.02760059612518629,15.598813221682207,101.0,-99.0
outputs/sicks/tomate_enfermo_4/binary.png,malo,139.29433655362777,255,126.95331277780728,2302.218054799835,0.9645954225263766,0.6856388959761903,0.9285823785154401,0.4701006956754491,0.03303863602682769,0.10265420898958559,0.9999999987499999,0.0,0.00019962539432176655,15.501565785143036,161.0,-168.0
outputs/sicks/tomate_enfermo_4/binary_resized.png,malo,139.27303333333333,255,124.17185927629586,2027.1265887590428,0.8889806961232973,0.630512399534055,0.9342784209913274,0.3975458859661918,0.06007690196270517,0.11854090238813639,0.9999999987499999,0.0,-0.0012,12.590353172347648,131.0,-134.0
outputs/sicks/tomate_enfermo_4/blur.png,malo,137.05462999474238,105,56.594232900129676,4.67241827121447,0.6180406875211788,0.03766281817093755,0.9990786914559192,0.0014184878725771034,0.14825667635140546,0.07612320960473218,0.9999999987499999,0.0,8.379337539432176e-05,1.8156776216136261,45.0,-43.0
outputs/sicks/tomate_enfermo_4/dilated.png,malo,149.0726747338328,190,48.73283443721364,19.050541406456766,0.7313031253403643,0.051414638076945844,0.9959903430842738,0.0026434650085833296,0.13677671181798357,0.09523606919516472,0.8222930159471565,0.0,0.0008173961619348055,2.760444805228906,97.0,-77.0
outputs/sicks/tomate_enfermo_4/edges.png,malo,5.727381949921136,0,37.7846462631266,1644.4567380322626,0.9747107812562319,0.9651011381283485,0.42431705653143403,0.9314202068166337,0.02983082084489082,0.10381938485355023,0.9999999987499999,0.0,0.00032285094637223976,10.942277605831219,116.0,-128.0
outputs/sicks/tomate_enfermo_4/emboss.png,malo,138.16466425144586,255,54.956675097488485,609.0028373084695,0.0678109065192066,0.010013407490888042,0.8992043928971454,0.00010026832957857276,0.1545996867067746,0.062263268819670134,0.9324754343127372,0.0,-0.00020578667192429023,12.518236449131887,123.0,-111.0
outputs/sicks/tomate_enfermo_4/gaussian_blur.png,malo,137.05641566990886,106,56.7305350736132,7.497357489360095,0.5166736778411656,0.032040005312998665,0.9985304475684043,0.0010265619404569827,0.15627937637144831,0.05791834161070004,0.9999999987499999,0.0,3.4092402733964245e-05,2.2481628238553726,48.0,-50.0
outputs/sicks/tomate_enfermo_4/gradient.png,malo,20.675371730415353,17,16.05762934313705,34.34686424810505,0.5557967113451424,0.09709669499584024,0.9334211848319031,0.009427768179115227,0.1542475585804386,0.06313056664861358,0.8222930159471565,0.0,0.001498422712933754,3.681542852809712,98.0,-76.0
outputs/sicks/tomate_enfermo_4/gray_scale.png,malo,138.65947440194532,110,48.73478131234482,43.341828683117356,0.2392060068072139,0.018944945059498956,0.9908779983281771,0.00035891094330743384,0.1614750140293759,0.04127466073429564,0.9999999987499999,0.0,-5.627300210304942e-05,3.4581232392996877,94.0,-80.0
outputs/sicks/tomate_enfermo_4/morph_close.png,malo,143.99547022870664,187,48.886386462901974,16.149260343600357,0.7426816114920453,0.051742223153169196,0.996622216774696,0.0026772576568323586,0.13578386187457808,0.09664636892195201,0.9999999987499999,0.0,-0.0003392810199789695,2.549467523018119,77.0,-79.0
outputs/sicks/tomate_enfermo_4/morph_open.png,malo,133.29360746911146,102,48.09592876166127,14.816361538195991,0.7458204638507507,0.0526998375064404,0.9967982218958575,0.0027772728732052224,0.13537754947587322,0.09716850785696335,0.7071067807446058,0.0,0.00032942297581493163,2.4137536494818432,85.0,-79.0
outputs/sicks/tomate_enfermo_4/original.png,malo,137.05471885405714,110,57.119525616655814,43.56376135704223,0.23811593576108858,0.018492308413102256,0.9916062978526364,0.00034196547044529243,0.16145815317728573,0.04134056781297947,0.9999999987499999,0.0,-2.4234358569926394e-05,3.462703525177552,94.0,-80.0
outputs/sicks/tomate_enfermo_4/resize.png,malo,136.9218712962963,112,56.98013034592839,96.32749860879244,0.19431651008915524,0.01679766036858622,0.9813334415298316,0.00028216139385837214,0.1601901570202405,0.04600968776374544,0.5110171723644941,0.0,-0.004061111111111111,4.48535210517263,129.0,-112.0
outputs/sicks/tomate_enfermo_4/RGB.png,malo,137.05471885405714,187,57.119525616655835,43.69180805262994,0.23778075686057898,0.018003316355050484,0.9929061326318562,0.0003241193997800282,0.16138900326681876,0.04160970318388013,0.9999999987499999,0.0,-6.941706098843323e-05,3.4681323807796605,95.0,-81.0
outputs/sicks/tomate_enfermo_4/rotate.png,malo,101.9491349566246,0,75.472013356191,32.03038846139304,0.43645395697308353,0.2172289100751048,0.9967852461298964,0.04718839937241798,0.12786594731756398,0.07951488101296633,0.9999999987499999,0.0,0.000424306650893796,3.1935075241732647,82.0,-75.0
outputs/sicks/tomate_enfermo_4/segmentation_by_color.png,malo,32.5825674180687,0,58.449254493947706,90.27687675790655,0.7516306477018565,0.6653205677577537,0.9811444263483684,0.44265145788149973,0.057945900436236264,0.08660027140373816,0.9999999987499999,0.0,0.0,3.9705608019877756,132.0,-138.0
outputs/sicks/tomate_enfermo_4/segmentation_by_color_range.png,malo,44.7176234446197,0,63.11580003049736,356.7100927467808,0.6610693693176232,0.5549567259141536,0.939769941199069,0.307976967637357,0.08150414531072893,0.10201079176164252,0.9999999987499999,0.0,-0.00020989419032597267,6.648270024632665,132.0,-138.0
outputs/sicks/tomate_enfermo_4/segmentation_kmeans.png,malo,136.52197358044165,177,45.27199688440429,222.24850942673547,0.9699542369302778,0.68634309255113,0.9398746545239988,0.471066840692649,0.02872526163962065,0.09781785607228999,0.9999999987499999,0.0,0.0001429416403785489,4.564838050870128,52.0,-51.0
outputs/sicks/tomate_enfermo_4/segmentation_umbral.png,malo,139.29433655362777,255,126.95331277780728,2302.218054799835,0.9645954225263766,0.6856388959761903,0.9285823785154401,0.4701006956754491,0.03303863602682769,0.10265420898958559,0.9999999987499999,0.0,0.00019962539432176655,15.501565785143036,161.0,-168.0
outputs/sicks/tomate_enfermo_4/segmentation_watershed_contours.png,malo,135.85153675955135,76,59.492150381753206,280.0204603475457,0.23876454193991734,0.01913651038389273,0.9480704632332897,0.00036620602967283423,0.1564924608152451,0.057340103608522056,0.9999999987499999,0.0,0.028116374211356467,4.5136679772910355,82.0,-80.0
outputs/sicks/tomate_enfermo_4/sharpen.png,malo,136.81265019825622,255,66.92239335213294,2141.893789565741,0.04916497918816805,0.008559697858339063,0.7211111830863464,7.326842742605435e-05,0.16223458248048445,0.03818007362558998,0.646881413911737,0.0,-0.0002468618559411146,13.061050879129661,147.0,-132.0
outputs/sicks/tomate_enfermo_5/binary.png,malo,95.51738431876606,0,123.42350786696399,3114.9072524440885,0.9520975109580154,0.69701842163878,0.8977643172195406,0.48583468010381614,0.06932882509096695,0.13491245436435442,0.9999999987499999,0.0,0.0010389888603256213,21.87821507753252,168.0,-168.0
outputs/sicks/tomate_enfermo_5/binary_resized.png,malo,95.53775555555555,0,119.66963848244059,4690.809098497496,0.8217945871744374,0.6040318385409683,0.8362169376440071,0.36485446197118243,0.11721757130339544,0.11517905108940071,0.9999999987499999,0.0,0.0015305555555555556,26.742457096278358,147.0,-153.0
outputs/sicks/tomate_enfermo_5/blur.png,malo,97.58498321908026,50,67.22488795549472,32.0599967953407,0.3679540100529761,0.07392797519197084,0.9931890220686826,0.005465345515984655,0.12776155340402837,0.10439132098521851,0.7071067807446058,0.0,-1.8209083119108826e-05,3.22491206706251,38.0,-46.0
outputs/sicks/tomate_enfermo_5/dilated.png,malo,127.15445854755784,50,55.02085751189797,78.87854073320247,0.5505415518980094,0.07502461081770546,0.9869721981542776,0.005628692228348168,0.1277596413752251,0.10439366101893048,0.6996365519452085,0.0,0.0010079263067694945,4.8643930871816865,95.0,-70.0
outputs/sicks/tomate_enfermo_5/edges.png,malo,31.508178020565552,0,83.91555346339895,9624.888828332618,0.8519839936589577,0.8106906778509843,0.3168547364279237,0.6572193751544884,0.07824196385141845,0.13469502538852907,0.9999999987499999,0.0,0.0014192373607540703,25.55879854523173,118.0,-134.0
outputs/sicks/tomate_enfermo_5/emboss.png,malo,107.81409972150814,50,69.18665269081504,1267.21815744952,0.21936922360907063,0.08224997898461339,0.8676576552521478,0.006765059042969344,0.1400478571688484,0.08721903535979017,0.7162617559649341,0.0,1.553127677806341e-05,19.356240386000838,135.0,-136.0
outputs/sicks/tomate_enfermo_5/gaussian_blur.png,malo,97.5867902027992,50,67.87959436278967,49.38493692233738,0.3478157208971068,0.07391310977562836,0.98987377091529,0.005463147796704089,0.130912860408311,0.1004110820840883,0.7441693857384711,0.0,-1.2317909168808912e-05,4.3942811753271505,54.0,-63.0
outputs/sicks/tomate_enfermo_5/gradient.png,malo,39.35704263067695,0,39.53726292759539,126.97666761520296,0.3918883557758773,0.07565012879382717,0.9593969857631746,0.005722941986522638,0.13849587159058677,0.08966301343610862,0.7027783324367302,0.0,0.002196872322193659,6.470925474255979,98.0,-72.0
outputs/sicks/tomate_enfermo_5/gray_scale.png,malo,107.1551649528706,50,51.39899385906586,166.85264997993065,0.3030789405690463,0.07326827026461452,0.9684217011163284,0.005368239427568596,0.13670967975966483,0.09236355280156093,0.9999999987499999,0.0,1.9815766923736075e-05,6.901004492321024,96.0,-117.0
outputs/sicks/tomate_enfermo_5/morph_close.png,malo,112.73245983290488,50,52.08551228197188,75.9331608819351,0.5502268932845393,0.07936120959672226,0.9860052378594564,0.006298201588654881,0.12686093622411224,0.10544648652994945,0.9999999987499999,0.0,-0.0008751071122536418,4.7616295740816,70.0,-76.0
outputs/sicks/tomate_enfermo_5/morph_open.png,malo,101.33075246358183,50,48.73785900363865,65.25107433791364,0.5534142457524137,0.08003926391474529,0.9862648330645564,0.006406283768014249,0.12637925778633327,0.10604194332637243,0.9999999987499999,0.0,0.0008381533847472151,4.283111706613456,77.0,-72.0
outputs/sicks/tomate_enfermo_5/original.png,malo,97.58497661382462,50,69.24135932343755,168.41187160141325,0.2984143665231845,0.07311000871247209,0.9678574337952784,0.005345073373937743,0.13703397645975068,0.0918817268110794,0.9999999987499999,0.0,1.4995715509854327e-05,6.901614023919697,96.0,-117.0
outputs/sicks/tomate_enfermo_5/resize.png,malo,97.47986481481482,50,68.81086948578061,472.3775292153589,0.19353308360604302,0.07138623775103277,0.9077255436368031,0.005095994940246976,0.14356012601628104,0.08261557034249703,0.5611134841139594,0.0,-0.001275,9.633427683329053,91.0,-96.0
outputs/sicks/tomate_enfermo_5/RGB.png,malo,97.58497661382462,50,69.24135932343756,165.18074975094223,0.30145882052697404,0.07333997334057431,0.9646562800847738,0.0053787516895961495,0.13740194132960132,0.09133054771024327,0.9999999987499999,0.0,-1.392459297343616e-05,6.7893674908091395,96.0,-117.0
outputs/sicks/tomate_enfermo_5/rotate.png,malo,79.12735611253927,0,73.40121703027815,88.81890673959141,0.4243494259780654,0.19869706004865648,0.9881441072399858,0.03948052167197939,0.11276987622900597,0.1016771062384399,0.9999999987499999,0.0,0.0005725149957155098,5.479442592515113,70.0,-81.0
outputs/sicks/tomate_enfermo_5/segmentation_by_color.png,malo,69.1161157526421,0,78.76840757779688,428.8608636610392,0.4971619021364737,0.3574027056582198,0.9527564186259785,0.12773669401181612,0.11709694521879829,0.10717044517942285,0.9999999987499999,0.0,3.427592116538132e-05,9.231485500663135,136.0,-113.0
outputs/sicks/tomate_enfermo_5/segmentation_by_color_range.png,malo,73.77356915881177,0,77.66912196915123,531.4561087612063,0.4531496444651125,0.28870574894481504,0.9383091589939211,0.08335100947378657,0.12484385038041884,0.10402157362315191,0.9999999987499999,0.0,-0.00030526992287917737,10.104544827489011,136.0,-118.0
outputs/sicks/tomate_enfermo_5/segmentation_kmeans.png,malo,97.06701424592974,63,59.63904127321309,321.3906586861004,0.9555230198330888,0.676423913535085,0.9110241721312972,0.45754931080212025,0.06828244451658112,0.1347283262330038,0.9999999987499999,0.0,-0.00020726221079691516,7.396204535977842,54.0,-54.0
outputs/sicks/tomate_enfermo_5/segmentation_umbral.png,malo,95.57337724935732,0,123.43800370930404,3124.908241172584,0.9519437111128997,0.6968397733523185,0.8974601359585843,0.4855856697257106,0.06939366630867407,0.13492305604685012,0.9999999987499999,0.0,0.0010218508997429307,21.89405451239697,168.0,-168.0
outputs/sicks/tomate_enfermo_5/segmentation_watershed_contours.png,malo,96.38447425735504,50,71.663628642117,438.21778178628136,0.3019541810586344,0.0728132797202982,0.9172059216999047,0.00530177370362639,0.13651308106392945,0.09278174613482439,0.9999999987499999,0.0,0.005176199657240788,7.376627852966723,96.0,-117.0
outputs/sicks/tomate_enfermo_5/sharpen.png,malo,99.04862110825478,50,79.44912260463248,2584.885852501001,0.1637403393681256,0.07078179669722165,0.7051292529756219,0.005010062743686818,0.14829381929632887,0.07231532054821346,0.7678856363814816,0.0,-6.96229648671808e-05,17.813459372846637,132.0,-138.0
